{"id":"widgetspire.tooltipdialogconfirmation","name":"widgetspire.tooltipdialogconfirmation","spec":"1.0","version":"1.0","require":[{"type":"javascript","src":"dojo/dojo.js","$library":"dojo"},{"type":"javascript-module","format":"amd","src":"dijit/form/Button","$library":"dojo"}, {"type":"javascript-module","format":"amd","src":"dijit/TooltipDialog","$library":"dojo"},{"$library":"dojo","format":"amd","src":"widgets/widgetspire/tooltipdialogconfirmation","type":"javascript-module"}],"library":{"dojo":{"src":"../../../../dojo/dojo.js"}},"content":"<div></div>"}
