{"id":"usms.country","name":"usms.country","spec":"1.0","version":"1.0","require":[{"type":"javascript","src":"dojo/dojo.js","$library":"dojo"},{"type":"javascript-module","format":"amd","src":"dijit/Toolbar","$library":"dojo"},{"type":"javascript-module","format":"amd","src":"dijit/form/Button","$library":"dojo"},{"type":"javascript-module","format":"amd","src":"dijit/form/TextBox","$library":"dojo"},{"type":"javascript-module","format":"amd","src":"dojox/io/xhrScriptPlugin","$library":"dojo"},{"type":"css","src":"resources/claro/Gridx.css","$library":"gridx"},{"$library":"dojo","format":"amd","src":"widgets/usms/country","type":"javascript-module"}],"library":{"dojo":{"src":"../../../../dojo/dojo.js"},"gridx":{}},"content":"<div></div>"}
