{"id":"usms.waddress","name":"usms.waddress","spec":"1.0","version":"1.0","require":[{"type":"javascript","src":"dojo/dojo.js","$library":"dojo"},{"type":"javascript-module","format":"amd","src":"dijit/form/NumberTextBox","$library":"dojo"},  {"type":"javascript-module","format":"amd","src":"dijit/form/Textarea","$library":"dojo"},{"$library":"dojo","format":"amd","src":"widgets/usms/waddress","type":"javascript-module"}],"library":{"dojo":{"src":"../../../../dojo/dojo.js"}},"content":"<div></div>"}



