{"id":"usaga.account_main_data","name":"usaga.account_main_data","spec":"1.0","version":"1.0","require":[{"type":"javascript","src":"dojo/dojo.js","$library":"dojo"},{"type":"javascript-module","format":"amd","src":"dojo/store/Memory","$library":"dojo"},{"type":"javascript-module","format":"amd","src":"dijit/Toolbar","$library":"dojo"},{"type":"javascript-module","format":"amd","src":"dijit/form/Button","$library":"dojo"},{"type":"javascript-module","format":"amd","src":"dijit/form/NumberTextBox","$library":"dojo"},{"type":"javascript-module","format":"amd","src":"dijit/form/CheckBox","$library":"dojo"},{"type":"javascript-module","format":"amd","src":"dijit/form/FilteringSelect","$library":"dojo"},{"type":"javascript-module","format":"amd","src":"dijit/form/TextBox","$library":"dojo"},{"type":"javascript-module","format":"amd","src":"dijit/form/NumberSpinner","$library":"dojo"},{"type":"javascript-module","format":"amd","src":"dijit/form/Select","$library":"dojo"},{"type":"javascript-module","format":"amd","src":"dijit/form/Textarea","$library":"dojo"},{"$library":"dojo","format":"amd","src":"widgets/usaga/account_main_data","type":"javascript-module"}, ,{"type":"javascript-module","format":"amd","src":"widgets/widgetspire/tooltipdialogconfirmation","$library":"dojo"}],"library":{"dojo":{"src":"../../../../dojo/dojo.js"}},"content":"<div></div>"}
